{"cameraMode":{"drawMode":0,"name":"Shaded","section":"Shading Mode"},"sceneLighting":false,"audioPlay":false,"sceneViewState":{"m_AlwaysRefresh":false,"showFog":true,"showSkybox":false,"showFlares":true,"showImageEffects":true,"showParticleSystems":true,"showVisualEffectGraphs":true,"m_FxEnabled":true},"in2DMode":false,"pivot":{"x":-0.6044096946716309,"y":0.48052212595939639,"z":-0.36675745248794558},"rotation":{"x":-0.01182677410542965,"y":-0.9037413001060486,"z":0.02494598552584648,"w":-0.427240788936615},"size":1.0088828802108765,"orthographic":false}