{"cameraMode":{"drawMode":0,"name":"Shaded","section":"Shading Mode"},"sceneLighting":false,"audioPlay":false,"sceneViewState":{"m_AlwaysRefresh":false,"showFog":true,"showSkybox":false,"showFlares":true,"showImageEffects":true,"showParticleSystems":true,"showVisualEffectGraphs":true,"m_FxEnabled":true},"in2DMode":false,"pivot":{"x":-0.13472771644592286,"y":0.08827286958694458,"z":0.09241259098052979},"rotation":{"x":-0.09112276881933212,"y":-0.9037196040153503,"z":0.24051061272621156,"w":-0.34233614802360537},"size":1.6553871631622315,"orthographic":false}