{"cameraMode":{"drawMode":0,"name":"Shaded","section":"Shading Mode"},"sceneLighting":true,"audioPlay":false,"sceneViewState":{"m_AlwaysRefresh":false,"showFog":true,"showSkybox":true,"showFlares":true,"showImageEffects":true,"showParticleSystems":true,"showVisualEffectGraphs":true,"m_FxEnabled":true},"in2DMode":false,"pivot":{"x":697.407958984375,"y":295.40228271484377,"z":-8.10015869140625},"rotation":{"x":-0.07403364032506943,"y":0.015268216840922833,"z":-0.0011587244225665928,"w":-0.9971545338630676},"size":376.21319580078127,"orthographic":false}