{"cameraMode":{"drawMode":0,"name":"Shaded","section":"Shading Mode"},"sceneLighting":true,"audioPlay":false,"sceneViewState":{"m_AlwaysRefresh":false,"showFog":true,"showSkybox":true,"showFlares":true,"showImageEffects":true,"showParticleSystems":true,"showVisualEffectGraphs":true,"m_FxEnabled":true},"in2DMode":false,"pivot":{"x":9.686999320983887,"y":1.7011864185333253,"z":1.4008091688156129},"rotation":{"x":0.07177932560443878,"y":-0.9159603118896484,"z":0.34646153450012209,"w":0.18988949060440064},"size":0.7782800197601318,"orthographic":false}