{"cameraMode":{"drawMode":0,"name":"Shaded","section":"Shading Mode"},"sceneLighting":true,"audioPlay":false,"sceneViewState":{"m_AlwaysRefresh":false,"showFog":true,"showSkybox":true,"showFlares":true,"showImageEffects":true,"showParticleSystems":true,"showVisualEffectGraphs":true,"m_FxEnabled":true},"in2DMode":false,"pivot":{"x":690.19384765625,"y":412.4554443359375,"z":-9.392518997192383},"rotation":{"x":0.05546889826655388,"y":0.01137932762503624,"z":-0.0006336477235890925,"w":0.9984064102172852},"size":381.78826904296877,"orthographic":false}