{"cameraMode":{"drawMode":0,"name":"Shaded","section":"Shading Mode"},"sceneLighting":true,"audioPlay":false,"sceneViewState":{"m_AlwaysRefresh":false,"showFog":true,"showSkybox":true,"showFlares":true,"showImageEffects":true,"showParticleSystems":true,"showVisualEffectGraphs":true,"m_FxEnabled":true},"in2DMode":false,"pivot":{"x":-11.270545959472657,"y":0.31388506293296816,"z":-11.049421310424805},"rotation":{"x":-0.10749472677707672,"y":-0.5362133979797363,"z":0.06904953718185425,"w":-0.8343783020973206},"size":0.3731798827648163,"orthographic":false}